<?xml version="1.0" encoding="UTF-8"?>
<beans xmlns="http://www.springframework.org/schema/beans"
       xmlns:xsi="http://www.w3.org/2001/XMLSchema-instance"
       xmlns:context="http://www.springframework.org/schema/context"
       xmlns:jpa="http://www.springframework.org/schema/data/jpa"
       xmlns:tx="http://www.springframework.org/schema/tx"
       xsi:schemaLocation="http://www.springframework.org/schema/beans http://www.springframework.org/schema/beans/spring-beans.xsd
		http://www.springframework.org/schema/context http://www.springframework.org/schema/context/spring-context-4.3.xsd
		http://www.springframework.org/schema/data/jpa https://www.springframework.org/schema/data/jpa/spring-jpa.xsd
		http://www.springframework.org/schema/tx http://www.springframework.org/schema/tx/spring-tx-4.3.xsd">


    <context:annotation-config/>
    <context:component-scan base-package="com.upgrad.hireWheel"/>
    <jpa:repositories base-package="com.upgrad.hireWheel.daos"  entity-manager-factory-ref="entityManagerFactory"/>

    <bean id="dataSource" class="org.springframework.jdbc.datasource.DriverManagerDataSource">
        <property name="driverClassName" value="oracle.jdbc.driver.OracleDriver" />
        <!--<property name="url" value="jdbc:oracle:thin:@localhost:1521/orcl" />-->
        <property name="url" value="jdbc:oracle:thin:@localhost:1521:xe" />
        <property name="username" value="system" />
        <property name="password" value="paras321" />
    </bean>

    <bean id="jpaVendorAdapter"
          class="org.springframework.orm.jpa.vendor.HibernateJpaVendorAdapter" />

    <bean id="jpaDialect"
          class="org.springframework.orm.jpa.vendor.HibernateJpaDialect" />

    <!-- Configuration for creation of Entity Manager -->
    <bean id="entityManagerFactory"
          class="org.springframework.orm.jpa.LocalContainerEntityManagerFactoryBean">
        <property name="dataSource" ref="dataSource"/>
        <property name="jpaVendorAdapter" ref="jpaVendorAdapter"/>
        <property name="jpaDialect" ref="jpaDialect"/>
        <property name="packagesToScan" value="com.upgrad.hireWheel.entities"/>
        <property name="jpaProperties">
            <props>
                <prop key="hibernate.hbm2ddl.auto">create</prop>
                <prop key="hibernate.show_sql">true</prop>
                <prop key="hibernate.dialect">org.hibernate.dialect.Oracle12cDialect</prop>

            </props>
        </property>
    </bean>

    <!-- enable the configuration of transactional behavior based on annotations -->
    <tx:annotation-driven transaction-manager="transactionManager" mode="proxy" />
    <!-- Transactions -->
    <bean id="transactionManager" class="org.springframework.orm.jpa.JpaTransactionManager">
        <property name="entityManagerFactory" ref="entityManagerFactory" />
        <property name="dataSource" ref="dataSource" />
        <property name="jpaDialect" ref="jpaDialect" />
    </bean>

</beans>
